genotipo,placa,experimento,id_planta,dia,largo
wt,1,I,1,1,0.0
wt,1,I,2,1,0.0
wt,1,I,3,1,0.0
wt,1,I,4,1,0.0
wt,1,I,5,1,0.0
wt,1,I,6,1,0.0
sa,1,I,7,1,0.0
sa,1,I,8,1,0.0
sa,1,I,9,1,0.0
sa,1,I,10,1,0.0
sa,1,I,11,1,0.0
sa,1,I,12,1,0.0
wt,2,I,13,1,0.0
wt,2,I,14,1,0.0
wt,2,I,15,1,0.0
wt,2,I,16,1,0.0
wt,2,I,17,1,0.0
wt,2,I,18,1,0.0
sa,2,I,19,1,0.0
sa,2,I,20,1,0.0
sa,2,I,21,1,0.0
sa,2,I,22,1,0.0
sa,2,I,23,1,0.0
sa,2,I,24,1,0.0
wt,3,I,25,1,0.0
wt,3,I,26,1,0.0
wt,3,I,27,1,0.0
wt,3,I,28,1,0.0
wt,3,I,29,1,0.0
wt,3,I,30,1,0.0
sa,3,I,31,1,0.0
sa,3,I,32,1,0.0
sa,3,I,33,1,0.0
sa,3,I,34,1,0.0
sa,3,I,35,1,0.0
sa,3,I,36,1,0.0
wt,4,II,37,1,0.1
wt,4,II,38,1,0.0
wt,4,II,39,1,0.0
wt,4,II,40,1,0.0
wt,4,II,41,1,0.0
wt,4,II,42,1,0.0
sa,4,II,43,1,0.0
sa,4,II,44,1,0.0
sa,4,II,45,1,0.0
sa,4,II,46,1,0.0
sa,4,II,47,1,0.0
sa,4,II,48,1,0.1
wt,5,II,49,1,0.0
wt,5,II,50,1,0.0
wt,5,II,51,1,0.0
wt,5,II,52,1,0.0
wt,5,II,53,1,0.0
wt,5,II,54,1,0.0
sa,5,II,55,1,0.1
sa,5,II,56,1,0.0
sa,5,II,57,1,0.0
sa,5,II,58,1,0.0
sa,5,II,59,1,0.1
sa,5,II,60,1,0.0
wt,6,II,61,1,0.0
wt,6,II,62,1,0.0
wt,6,II,63,1,0.0
wt,6,II,64,1,0.0
wt,6,II,65,1,0.0
sa,6,II,67,1,0.0
sa,6,II,68,1,0.0
sa,6,II,69,1,0.1
sa,6,II,70,1,0.0
sa,6,II,71,1,0.0
sa,6,II,72,1,0.0
wt,7,III,73,1,0.0
wt,7,III,74,1,0.0
wt,7,III,75,1,0.0
wt,7,III,76,1,0.0
wt,7,III,77,1,0.0
wt,7,III,78,1,0.0
sa,7,III,79,1,0.0
sa,7,III,80,1,0.0
sa,7,III,81,1,0.0
sa,7,III,82,1,0.0
sa,7,III,83,1,0.0
sa,7,III,84,1,0.0
wt,8,III,85,1,0.0
wt,8,III,86,1,0.0
wt,8,III,87,1,0.0
wt,8,III,88,1,0.0
wt,8,III,89,1,0.0
wt,8,III,90,1,0.0
sa,8,III,91,1,0.0
sa,8,III,92,1,0.0
sa,8,III,93,1,0.0
sa,8,III,94,1,0.0
sa,8,III,95,1,0.0
sa,8,III,96,1,0.0
wt,9,III,97,1,0.0
wt,9,III,98,1,0.1
wt,9,III,99,1,0.0
wt,9,III,100,1,0.0
wt,9,III,101,1,0.0
wt,9,III,102,1,0.0
sa,9,III,103,1,0.0
sa,9,III,104,1,0.0
sa,9,III,105,1,0.0
sa,9,III,106,1,0.0
sa,9,III,107,1,0.0
sa,9,III,108,1,0.0
wt,10,IV,109,1,0.0
wt,10,IV,110,1,0.1
wt,10,IV,111,1,0.1
wt,10,IV,112,1,0.1
wt,10,IV,113,1,0.0
wt,10,IV,114,1,0.0
sa,10,IV,115,1,0.25
sa,10,IV,116,1,0.0
sa,10,IV,117,1,0.0
sa,10,IV,118,1,0.0
sa,10,IV,119,1,0.0
sa,10,IV,120,1,0.0
wt,11,IV,121,1,0.1
wt,11,IV,122,1,0.0
wt,11,IV,123,1,0.0
wt,11,IV,124,1,0.0
wt,11,IV,125,1,0.0
wt,11,IV,126,1,0.0
sa,11,IV,127,1,0.0
sa,11,IV,128,1,0.0
sa,11,IV,129,1,0.0
sa,11,IV,130,1,0.0
sa,11,IV,131,1,0.25
sa,11,IV,132,1,0.1
wt,1,I,1,2,1.0
wt,1,I,2,2,1.0
wt,1,I,3,2,2.0
wt,1,I,4,2,0.5
wt,1,I,5,2,1.0
wt,1,I,6,2,1.0
sa,1,I,7,2,2.0
sa,1,I,8,2,2.0
sa,1,I,9,2,2.0
sa,1,I,10,2,1.5
sa,1,I,11,2,1.5
sa,1,I,12,2,1.0
wt,2,I,13,2,1.5
wt,2,I,14,2,0.5
wt,2,I,15,2,0.5
wt,2,I,16,2,1.0
wt,2,I,17,2,1.0
wt,2,I,18,2,1.0
sa,2,I,19,2,1.5
sa,2,I,20,2,1.5
sa,2,I,21,2,1.5
sa,2,I,22,2,1.5
sa,2,I,23,2,1.0
sa,2,I,24,2,1.0
wt,3,I,25,2,1.0
wt,3,I,26,2,0.1
wt,3,I,27,2,1.0
wt,3,I,28,2,0.1
wt,3,I,29,2,2.0
wt,3,I,30,2,1.0
sa,3,I,31,2,2.0
sa,3,I,32,2,1.5
sa,3,I,33,2,1.5
sa,3,I,34,2,2.0
sa,3,I,35,2,0.5
sa,3,I,36,2,1.0
wt,4,II,37,2,1.0
wt,4,II,38,2,1.0
wt,4,II,39,2,1.0
wt,4,II,40,2,1.0
wt,4,II,41,2,0.5
wt,4,II,42,2,1.0
sa,4,II,43,2,1.0
sa,4,II,44,2,1.0
sa,4,II,45,2,1.5
sa,4,II,46,2,1.0
sa,4,II,47,2,1.0
sa,4,II,48,2,2.0
wt,5,II,49,2,1.0
wt,5,II,50,2,1.0
wt,5,II,51,2,1.5
wt,5,II,52,2,1.0
wt,5,II,53,2,1.0
wt,5,II,54,2,1.0
sa,5,II,55,2,0.5
sa,5,II,56,2,1.5
sa,5,II,57,2,1.5
sa,5,II,58,2,2.0
sa,5,II,59,2,1.5
sa,5,II,60,2,1.5
wt,6,II,61,2,1.0
wt,6,II,62,2,0.5
wt,6,II,63,2,0.5
wt,6,II,64,2,1.0
wt,6,II,65,2,0.75
wt,6,II,66,2,0.75
sa,6,II,67,2,2.0
sa,6,II,68,2,1.0
sa,6,II,69,2,1.0
sa,6,II,70,2,1.5
sa,6,II,71,2,0.0
sa,6,II,72,2,1.5
wt,7,III,73,2,1.0
wt,7,III,74,2,0.5
wt,7,III,75,2,1.0
wt,7,III,76,2,1.0
wt,7,III,77,2,0.5
wt,7,III,78,2,0.0
sa,7,III,79,2,0.5
sa,7,III,80,2,1.0
sa,7,III,81,2,1.0
sa,7,III,82,2,1.0
sa,7,III,83,2,1.0
sa,7,III,84,2,1.0
wt,8,III,85,2,0.5
wt,8,III,86,2,1.0
wt,8,III,87,2,1.0
wt,8,III,88,2,0.25
wt,8,III,89,2,1.0
wt,8,III,90,2,0.0
sa,8,III,91,2,1.25
sa,8,III,92,2,1.25
sa,8,III,93,2,1.0
sa,8,III,94,2,1.0
sa,8,III,95,2,1.5
sa,8,III,96,2,0.75
wt,9,III,97,2,1.0
wt,9,III,98,2,1.5
wt,9,III,99,2,0.5
wt,9,III,100,2,1.0
wt,9,III,101,2,0.75
wt,9,III,102,2,0.5
sa,9,III,103,2,1.0
sa,9,III,104,2,1.0
sa,9,III,105,2,0.75
sa,9,III,106,2,1.5
sa,9,III,107,2,1.0
sa,9,III,108,2,1.0
wt,10,IV,109,2,1.0
wt,10,IV,110,2,1.5
wt,10,IV,111,2,2.0
wt,10,IV,112,2,2.0
wt,10,IV,113,2,0.5
wt,10,IV,114,2,1.0
sa,10,IV,115,2,2.5
sa,10,IV,116,2,1.5
sa,10,IV,117,2,1.0
sa,10,IV,118,2,1.0
sa,10,IV,119,2,1.0
sa,10,IV,120,2,1.5
wt,11,IV,121,2,1.5
wt,11,IV,122,2,1.5
wt,11,IV,123,2,1.5
wt,11,IV,124,2,1.0
wt,11,IV,125,2,1.0
wt,11,IV,126,2,1.25
sa,11,IV,127,2,1.5
sa,11,IV,128,2,1.25
sa,11,IV,129,2,1.5
sa,11,IV,130,2,2.0
sa,11,IV,131,2,2.5
sa,11,IV,132,2,2.0
wt,1,I,1,3,1.5
wt,1,I,2,3,1.5
wt,1,I,3,3,2.5
wt,1,I,4,3,1.0
wt,1,I,5,3,3.0
wt,1,I,6,3,2.0
sa,1,I,7,3,2.5
sa,1,I,8,3,4.5
sa,1,I,9,3,4.0
sa,1,I,10,3,3.0
sa,1,I,11,3,4.0
sa,1,I,12,3,4.0
wt,2,I,13,3,2.0
wt,2,I,14,3,1.0
wt,2,I,15,3,2.0
wt,2,I,16,3,2.5
wt,2,I,17,3,2.0
wt,2,I,18,3,3.0
sa,2,I,19,3,4.0
sa,2,I,20,3,3.0
sa,2,I,21,3,3.0
sa,2,I,22,3,3.0
sa,2,I,23,3,2.0
sa,2,I,24,3,2.0
wt,3,I,25,3,1.5
wt,3,I,26,3,2.0
wt,3,I,27,3,1.0
wt,3,I,28,3,2.0
wt,3,I,29,3,2.5
wt,3,I,30,3,2.5
sa,3,I,31,3,3.0
sa,3,I,32,3,3.5
sa,3,I,33,3,3.5
sa,3,I,34,3,3.0
sa,3,I,35,3,2.0
sa,3,I,36,3,2.0
wt,4,II,37,3,3.5
wt,4,II,38,3,3.0
wt,4,II,39,3,2.0
wt,4,II,40,3,2.0
wt,4,II,41,3,2.0
wt,4,II,42,3,3.5
sa,4,II,43,3,2.0
sa,4,II,44,3,4.5
sa,4,II,45,3,3.5
sa,4,II,46,3,4.5
sa,4,II,47,3,3.0
sa,4,II,48,3,3.5
wt,5,II,49,3,3.0
wt,5,II,50,3,3.0
wt,5,II,51,3,3.0
wt,5,II,52,3,3.5
wt,5,II,53,3,1.5
wt,5,II,54,3,3.0
sa,5,II,55,3,3.0
sa,5,II,56,3,4.5
sa,5,II,57,3,3.5
sa,5,II,58,3,5.0
sa,5,II,59,3,4.5
sa,5,II,60,3,3.0
wt,6,II,61,3,2.0
wt,6,II,62,3,2.5
wt,6,II,63,3,2.5
wt,6,II,64,3,3.0
wt,6,II,65,3,2.5
wt,6,II,66,3,2.0
sa,6,II,67,3,4.5
sa,6,II,68,3,3.0
sa,6,II,69,3,3.0
sa,6,II,70,3,2.0
sa,6,II,71,3,0.5
sa,6,II,72,3,3.5
wt,7,III,73,3,2.5
wt,7,III,74,3,3.5
wt,7,III,75,3,4.0
wt,7,III,76,3,3.0
wt,7,III,77,3,3.0
wt,7,III,78,3,2.0
sa,7,III,79,3,2.5
sa,7,III,80,3,4.5
sa,7,III,81,3,4.5
sa,7,III,82,3,3.0
sa,7,III,83,3,4.5
sa,7,III,84,3,4.0
wt,8,III,85,3,2.5
wt,8,III,86,3,3.0
wt,8,III,87,3,2.5
wt,8,III,88,3,1.0
wt,8,III,89,3,3.0
wt,8,III,90,3,0.0
sa,8,III,91,3,4.0
sa,8,III,92,3,4.0
sa,8,III,93,3,4.0
sa,8,III,94,3,4.5
sa,8,III,95,3,4.5
sa,8,III,96,3,4.0
wt,9,III,97,3,2.0
wt,9,III,98,3,4.5
wt,9,III,99,3,3.0
wt,9,III,100,3,4.0
wt,9,III,101,3,4.5
wt,9,III,102,3,2.5
sa,9,III,103,3,5.5
sa,9,III,104,3,4.0
sa,9,III,105,3,4.0
sa,9,III,106,3,5.0
sa,9,III,107,3,4.0
sa,9,III,108,3,4.0
wt,10,IV,109,3,3.0
wt,10,IV,110,3,4.0
wt,10,IV,111,3,4.0
wt,10,IV,112,3,4.5
wt,10,IV,113,3,2.5
wt,10,IV,114,3,2.5
sa,10,IV,115,3,4.5
sa,10,IV,116,3,4.5
sa,10,IV,117,3,3.5
sa,10,IV,118,3,3.0
sa,10,IV,119,3,2.0
sa,10,IV,120,3,2.0
wt,11,IV,121,3,4.0
wt,11,IV,122,3,3.0
wt,11,IV,123,3,3.5
wt,11,IV,124,3,2.0
wt,11,IV,125,3,3.0
wt,11,IV,126,3,3.0
sa,11,IV,127,3,3.0
sa,11,IV,128,3,3.5
sa,11,IV,129,3,3.5
sa,11,IV,130,3,4.0
sa,11,IV,131,3,6.0
sa,11,IV,132,3,4.5
wt,1,I,1,4,2.5
wt,1,I,2,4,2.0
wt,1,I,3,4,4.5
wt,1,I,4,4,2.0
wt,1,I,5,4,6.0
wt,1,I,6,4,4.5
sa,1,I,7,4,3.5
sa,1,I,8,4,7.0
sa,1,I,9,4,6.0
sa,1,I,10,4,6.0
sa,1,I,11,4,7.0
sa,1,I,12,4,7.0
wt,2,I,13,4,3.5
wt,2,I,14,4,1.5
wt,2,I,15,4,2.0
wt,2,I,16,4,5.0
wt,2,I,17,4,4.0
wt,2,I,18,4,5.5
sa,2,I,19,4,6.5
sa,2,I,20,4,5.5
sa,2,I,21,4,4.0
sa,2,I,22,4,4.5
sa,2,I,23,4,2.0
sa,2,I,24,4,3.0
wt,3,I,25,4,2.0
wt,3,I,26,4,4.5
wt,3,I,27,4,1.5
wt,3,I,28,4,3.5
wt,3,I,29,4,5.0
wt,3,I,30,4,3.5
sa,3,I,31,4,3.5
sa,3,I,32,4,5.0
sa,3,I,33,4,6.0
sa,3,I,34,4,4.0
sa,3,I,35,4,2.0
sa,3,I,36,4,2.5
wt,4,II,37,4,6.0
wt,4,II,38,4,5.5
wt,4,II,39,4,2.5
wt,4,II,40,4,2.5
wt,4,II,41,4,5.0
wt,4,II,42,4,6.5
sa,4,II,43,4,3.5
sa,4,II,44,4,9.0
sa,4,II,45,4,7.0
sa,4,II,46,4,8.5
sa,4,II,47,4,4.5
sa,4,II,48,4,4.0
wt,5,II,49,4,6.5
wt,5,II,50,4,6.0
wt,5,II,51,4,6.5
wt,5,II,52,4,7.0
wt,5,II,53,4,1.5
wt,5,II,54,4,5.0
sa,5,II,55,4,6.0
sa,5,II,56,4,9.0
sa,5,II,57,4,6.5
sa,5,II,58,4,8.5
sa,5,II,59,4,5.5
sa,5,II,60,4,3.0
wt,6,II,61,4,2.5
wt,6,II,62,4,6.5
wt,6,II,63,4,1.5
wt,6,II,64,4,4.0
wt,6,II,65,4,5.0
wt,6,II,66,4,4.0
sa,6,II,67,4,7.5
sa,6,II,68,4,5.0
sa,6,II,69,4,3.0
sa,6,II,70,4,4.0
sa,6,II,71,4,0.5
sa,6,II,72,4,7.0
wt,7,III,73,4,4.0
wt,7,III,74,4,6.5
wt,7,III,75,4,7.0
wt,7,III,76,4,6.0
wt,7,III,77,4,3.0
wt,7,III,78,4,4.0
sa,7,III,79,4,5.0
sa,7,III,80,4,7.0
sa,7,III,81,4,7.5
sa,7,III,82,4,6.0
sa,7,III,83,4,8.0
sa,7,III,84,4,6.5
wt,8,III,85,4,5.0
wt,8,III,86,4,5.5
wt,8,III,87,4,3.5
wt,8,III,88,4,1.5
wt,8,III,89,4,3.0
wt,8,III,90,4,0.0
sa,8,III,91,4,7.5
sa,8,III,92,4,7.0
sa,8,III,93,4,6.0
sa,8,III,94,4,7.0
sa,8,III,95,4,7.5
sa,8,III,96,4,6.5
wt,9,III,97,4,4.0
wt,9,III,98,4,8.0
wt,9,III,99,4,5.5
wt,9,III,100,4,7.0
wt,9,III,101,4,8.0
wt,9,III,102,4,3.0
sa,9,III,103,4,9.0
sa,9,III,104,4,7.5
sa,9,III,105,4,5.5
sa,9,III,106,4,8.5
sa,9,III,107,4,7.0
sa,9,III,108,4,7.5
wt,10,IV,109,4,4.0
wt,10,IV,110,4,5.0
wt,10,IV,111,4,6.0
wt,10,IV,112,4,5.5
wt,10,IV,113,4,2.5
wt,10,IV,114,4,3.0
sa,10,IV,115,4,7.5
sa,10,IV,116,4,8.0
sa,10,IV,117,4,6.0
sa,10,IV,118,4,3.5
sa,10,IV,119,4,2.0
sa,10,IV,120,4,2.0
wt,11,IV,121,4,6.0
wt,11,IV,122,4,3.0
wt,11,IV,123,4,4.0
wt,11,IV,124,4,2.5
wt,11,IV,125,4,3.5
wt,11,IV,126,4,4.5
sa,11,IV,127,4,3.0
sa,11,IV,128,4,6.5
sa,11,IV,129,4,4.0
sa,11,IV,130,4,7.0
sa,11,IV,131,4,9.0
sa,11,IV,132,4,7.0
wt,1,I,1,5,2.5
wt,1,I,2,5,3.5
wt,1,I,3,5,8.0
wt,1,I,4,5,3.0
wt,1,I,5,5,10.0
wt,1,I,6,5,8.0
sa,1,I,7,5,3.5
sa,1,I,8,5,11.0
sa,1,I,9,5,9.5
sa,1,I,10,5,9.0
sa,1,I,11,5,10.5
sa,1,I,12,5,10.0
wt,2,I,13,5,6.0
wt,2,I,14,5,2.0
wt,2,I,15,5,2.0
wt,2,I,16,5,8.0
wt,2,I,17,5,6.0
wt,2,I,18,5,9.0
sa,2,I,19,5,10.0
sa,2,I,20,5,9.0
sa,2,I,21,5,4.5
sa,2,I,22,5,5.5
sa,2,I,23,5,2.5
sa,2,I,24,5,4.5
wt,3,I,25,5,2.0
wt,3,I,26,5,6.5
wt,3,I,27,5,2.5
wt,3,I,28,5,7.0
wt,3,I,29,5,9.0
wt,3,I,30,5,4.0
sa,3,I,31,5,3.5
sa,3,I,32,5,9.0
sa,3,I,33,5,10.0
sa,3,I,34,5,4.0
sa,3,I,35,5,2.0
sa,3,I,36,5,5.0
wt,4,II,37,5,8.0
wt,4,II,38,5,9.0
wt,4,II,39,5,3.0
wt,4,II,40,5,2.5
wt,4,II,41,5,8.0
wt,4,II,42,5,10.0
sa,4,II,43,5,6.0
sa,4,II,44,5,14.0
sa,4,II,45,5,11.0
sa,4,II,46,5,14.0
sa,4,II,47,5,5.5
sa,4,II,48,5,4.0
wt,5,II,49,5,10.0
wt,5,II,50,5,10.0
wt,5,II,51,5,11.0
wt,5,II,52,5,12.0
wt,5,II,53,5,3.0
wt,5,II,54,5,8.5
sa,5,II,55,5,9.0
sa,5,II,56,5,13.5
sa,5,II,57,5,11.0
sa,5,II,58,5,12.5
sa,5,II,59,5,7.0
sa,5,II,60,5,3.0
wt,6,II,61,5,5.0
wt,6,II,62,5,11.0
wt,6,II,63,5,4.0
wt,6,II,64,5,7.0
wt,6,II,65,5,8.0
wt,6,II,66,5,8.0
sa,6,II,67,5,12.0
sa,6,II,68,5,7.5
sa,6,II,69,5,3.0
sa,6,II,70,5,7.0
sa,6,II,71,5,0.5
sa,6,II,72,5,11.0
wt,7,III,73,5,7.5
wt,7,III,74,5,10.0
wt,7,III,75,5,11.0
wt,7,III,76,5,9.0
wt,7,III,77,5,3.0
wt,7,III,78,5,7.0
sa,7,III,79,5,8.0
sa,7,III,80,5,10.0
sa,7,III,81,5,10.5
sa,7,III,82,5,8.0
sa,7,III,83,5,12.0
sa,7,III,84,5,9.0
wt,8,III,85,5,8.0
wt,8,III,86,5,8.5
wt,8,III,87,5,7.0
wt,8,III,88,5,1.5
wt,8,III,89,5,4.0
wt,8,III,90,5,0.0
sa,8,III,91,5,12.0
sa,8,III,92,5,10.0
sa,8,III,93,5,10.0
sa,8,III,94,5,11.0
sa,8,III,95,5,11.0
sa,8,III,96,5,10.0
wt,9,III,97,5,7.5
wt,9,III,98,5,12.0
wt,9,III,99,5,9.0
wt,9,III,100,5,12.0
wt,9,III,101,5,12.0
wt,9,III,102,5,3.0
sa,9,III,103,5,13.0
sa,9,III,104,5,12.0
sa,9,III,105,5,6.0
sa,9,III,106,5,13.0
sa,9,III,107,5,11.5
sa,9,III,108,5,12.0
wt,10,IV,109,5,4.5
wt,10,IV,110,5,6.5
wt,10,IV,111,5,8.0
wt,10,IV,112,5,5.5
wt,10,IV,113,5,2.5
wt,10,IV,114,5,3.0
sa,10,IV,115,5,10.0
sa,10,IV,116,5,11.0
sa,10,IV,117,5,9.0
sa,10,IV,118,5,3.5
sa,10,IV,119,5,5.0
sa,10,IV,120,5,2.0
wt,11,IV,121,5,7.0
wt,11,IV,122,5,3.0
wt,11,IV,123,5,4.0
wt,11,IV,124,5,2.5
wt,11,IV,125,5,3.5
wt,11,IV,126,5,4.5
sa,11,IV,127,5,4.0
sa,11,IV,128,5,9.0
sa,11,IV,129,5,4.5
sa,11,IV,130,5,10.0
sa,11,IV,131,5,12.5
sa,11,IV,132,5,10.0
wt,1,I,1,6,5.0
wt,1,I,2,6,5.5
wt,1,I,3,6,13.0
wt,1,I,4,6,5.0
wt,1,I,5,6,14.0
wt,1,I,6,6,13.0
sa,1,I,7,6,3.5
sa,1,I,8,6,17.0
sa,1,I,9,6,14.0
sa,1,I,10,6,13.0
sa,1,I,11,6,15.5
sa,1,I,12,6,15.0
wt,2,I,13,6,10.0
wt,2,I,14,6,3.0
wt,2,I,15,6,2.0
wt,2,I,16,6,13.0
wt,2,I,17,6,6.5
wt,2,I,18,6,13.0
sa,2,I,19,6,16.0
sa,2,I,20,6,13.5
sa,2,I,21,6,4.5
sa,2,I,22,6,8.0
sa,2,I,23,6,2.5
sa,2,I,24,6,8.0
wt,3,I,25,6,2.0
wt,3,I,26,6,10.0
wt,3,I,27,6,5.0
wt,3,I,28,6,12.0
wt,3,I,29,6,13.5
wt,3,I,30,6,6.5
sa,3,I,31,6,3.5
sa,3,I,32,6,14.0
sa,3,I,33,6,15.0
sa,3,I,34,6,4.0
sa,3,I,35,6,2.5
sa,3,I,36,6,10.0
wt,4,II,37,6,13.0
wt,4,II,38,6,14.0
wt,4,II,39,6,6.0
wt,4,II,40,6,3.5
wt,4,II,41,6,12.0
wt,4,II,42,6,14.0
sa,4,II,43,6,11.0
sa,4,II,44,6,20.0
sa,4,II,45,6,17.0
sa,4,II,46,6,19.5
sa,4,II,47,6,7.5
sa,4,II,48,6,4.0
wt,5,II,49,6,14.0
wt,5,II,50,6,15.0
wt,5,II,51,6,16.0
wt,5,II,52,6,16.0
wt,5,II,53,6,7.0
wt,5,II,54,6,13.0
sa,5,II,55,6,13.5
sa,5,II,56,6,19.5
sa,5,II,57,6,16.5
sa,5,II,58,6,19.0
sa,5,II,59,6,10.0
sa,5,II,60,6,3.0
wt,6,II,61,6,9.5
wt,6,II,62,6,16.5
wt,6,II,63,6,7.5
wt,6,II,64,6,10.0
wt,6,II,65,6,12.0
wt,6,II,66,6,13.0
sa,6,II,67,6,17.5
sa,6,II,68,6,12.0
sa,6,II,69,6,3.0
sa,6,II,70,6,11.0
sa,6,II,71,6,0.5
sa,6,II,72,6,11.0
wt,7,III,73,6,11.5
wt,7,III,74,6,14.0
wt,7,III,75,6,15.0
wt,7,III,76,6,13.0
wt,7,III,77,6,3.0
wt,7,III,78,6,10.0
sa,7,III,79,6,12.0
sa,7,III,80,6,14.0
sa,7,III,81,6,15.0
sa,7,III,82,6,12.0
sa,7,III,83,6,17.0
sa,7,III,84,6,11.0
wt,8,III,85,6,12.0
wt,8,III,86,6,14.0
wt,8,III,87,6,12.0
wt,8,III,88,6,1.5
wt,8,III,89,6,6.0
wt,8,III,90,6,0.0
sa,8,III,91,6,17.0
sa,8,III,92,6,16.0
sa,8,III,93,6,14.0
sa,8,III,94,6,16.0
sa,8,III,95,6,17.0
sa,8,III,96,6,14.0
wt,9,III,97,6,7.5
wt,9,III,98,6,17.0
wt,9,III,99,6,13.5
wt,9,III,100,6,17.0
wt,9,III,101,6,17.0
wt,9,III,102,6,3.0
sa,9,III,103,6,19.0
sa,9,III,104,6,17.0
sa,9,III,105,6,6.0
sa,9,III,106,6,17.0
sa,9,III,107,6,17.0
sa,9,III,108,6,17.0
wt,10,IV,109,6,4.5
wt,10,IV,110,6,8.5
wt,10,IV,111,6,10.5
wt,10,IV,112,6,5.5
wt,10,IV,113,6,3.0
wt,10,IV,114,6,3.5
sa,10,IV,115,6,12.0
sa,10,IV,116,6,15.0
sa,10,IV,117,6,12.0
sa,10,IV,118,6,3.5
sa,10,IV,119,6,8.5
sa,10,IV,120,6,2.0
wt,11,IV,121,6,8.5
wt,11,IV,122,6,3.0
wt,11,IV,123,6,4.0
wt,11,IV,124,6,3.0
wt,11,IV,125,6,3.5
wt,11,IV,126,6,4.5
sa,11,IV,127,6,7.0
sa,11,IV,128,6,13.0
sa,11,IV,129,6,4.5
sa,11,IV,130,6,14.0
sa,11,IV,131,6,16.5
sa,11,IV,132,6,14.0
wt,1,I,1,7,11.0
wt,1,I,2,7,9.0
wt,1,I,3,7,19.0
wt,1,I,4,7,9.0
wt,1,I,5,7,21.5
wt,1,I,6,7,20.0
sa,1,I,7,7,3.5
sa,1,I,8,7,23.0
sa,1,I,9,7,19.0
sa,1,I,10,7,19.0
sa,1,I,11,7,22.0
sa,1,I,12,7,21.0
wt,2,I,13,7,15.0
wt,2,I,14,7,8.0
wt,2,I,15,7,3.0
wt,2,I,16,7,19.0
wt,2,I,17,7,6.5
wt,2,I,18,7,18.0
sa,2,I,19,7,22.0
sa,2,I,20,7,20.0
sa,2,I,21,7,4.5
sa,2,I,22,7,12.5
sa,2,I,23,7,2.5
sa,2,I,24,7,11.5
wt,3,I,25,7,2.0
wt,3,I,26,7,13.0
wt,3,I,27,7,10.0
wt,3,I,28,7,18.0
wt,3,I,29,7,20.0
wt,3,I,30,7,10.0
sa,3,I,31,7,3.5
sa,3,I,32,7,19.5
sa,3,I,33,7,20.5
sa,3,I,34,7,4.0
sa,3,I,35,7,2.5
sa,3,I,36,7,16.0
wt,4,II,37,7,19.0
wt,4,II,38,7,18.5
wt,4,II,39,7,10.0
wt,4,II,40,7,7.0
wt,4,II,41,7,17.0
wt,4,II,42,7,20.0
sa,4,II,43,7,16.5
sa,4,II,44,7,28.0
sa,4,II,45,7,23.0
sa,4,II,46,7,26.0
sa,4,II,47,7,10.5
sa,4,II,48,7,4.0
wt,5,II,49,7,21.0
wt,5,II,50,7,22.0
wt,5,II,51,7,23.0
wt,5,II,52,7,20.0
wt,5,II,53,7,13.0
wt,5,II,54,7,19.0
sa,5,II,55,7,18.0
sa,5,II,56,7,26.0
sa,5,II,57,7,23.0
sa,5,II,58,7,25.0
sa,5,II,59,7,14.0
sa,5,II,60,7,3.0
wt,6,II,61,7,14.0
wt,6,II,62,7,24.0
wt,6,II,63,7,7.5
wt,6,II,64,7,10.0
wt,6,II,65,7,18.0
wt,6,II,66,7,19.0
sa,6,II,67,7,24.0
sa,6,II,68,7,18.0
sa,6,II,69,7,4.0
sa,6,II,70,7,15.0
sa,6,II,71,7,0.5
sa,6,II,72,7,22.0
wt,7,III,73,7,17.0
wt,7,III,74,7,20.0
wt,7,III,75,7,21.0
wt,7,III,76,7,18.0
wt,7,III,77,7,3.0
wt,7,III,78,7,14.0
sa,7,III,79,7,16.0
sa,7,III,80,7,20.0
sa,7,III,81,7,20.0
sa,7,III,82,7,17.0
sa,7,III,83,7,22.0
sa,7,III,84,7,15.0
wt,8,III,85,7,15.0
wt,8,III,86,7,19.0
wt,8,III,87,7,17.0
wt,8,III,88,7,1.5
wt,8,III,89,7,11.0
wt,8,III,90,7,0.0
sa,8,III,91,7,22.0
sa,8,III,92,7,20.0
sa,8,III,93,7,19.0
sa,8,III,94,7,22.0
sa,8,III,95,7,23.0
sa,8,III,96,7,17.0
wt,9,III,97,7,17.0
wt,9,III,98,7,24.0
wt,9,III,99,7,19.0
wt,9,III,100,7,23.0
wt,9,III,101,7,23.0
wt,9,III,102,7,3.0
sa,9,III,103,7,25.0
sa,9,III,104,7,22.0
sa,9,III,105,7,6.0
sa,9,III,106,7,24.0
sa,9,III,107,7,23.0
sa,9,III,108,7,23.0
wt,10,IV,109,7,4.5
wt,10,IV,110,7,12.0
wt,10,IV,111,7,15.0
wt,10,IV,112,7,5.5
wt,10,IV,113,7,3.5
wt,10,IV,114,7,3.5
sa,10,IV,115,7,16.0
sa,10,IV,116,7,22.0
sa,10,IV,117,7,18.0
sa,10,IV,118,7,3.5
sa,10,IV,119,7,13.0
sa,10,IV,120,7,2.0
wt,11,IV,121,7,13.0
wt,11,IV,122,7,3.0
wt,11,IV,123,7,4.0
wt,11,IV,124,7,3.0
wt,11,IV,125,7,4.0
wt,11,IV,126,7,4.5
sa,11,IV,127,7,12.0
sa,11,IV,128,7,20.0
sa,11,IV,129,7,5.0
sa,11,IV,130,7,20.0
sa,11,IV,131,7,21.0
sa,11,IV,132,7,20.0
wt,1,I,1,8,17.0
wt,1,I,2,8,14.5
wt,1,I,3,8,26.0
wt,1,I,4,8,10.0
wt,1,I,5,8,28.0
wt,1,I,6,8,26.0
sa,1,I,7,8,3.5
sa,1,I,8,8,31.0
sa,1,I,9,8,25.0
sa,1,I,10,8,25.5
sa,1,I,11,8,29.0
sa,1,I,12,8,28.0
wt,2,I,13,8,21.0
wt,2,I,14,8,14.0
wt,2,I,15,8,3.0
wt,2,I,16,8,26.0
wt,2,I,17,8,13.0
wt,2,I,18,8,19.0
sa,2,I,19,8,30.0
sa,2,I,20,8,26.0
sa,2,I,21,8,4.5
sa,2,I,22,8,18.0
sa,2,I,23,8,5.0
sa,2,I,24,8,16.0
wt,3,I,25,8,2.0
wt,3,I,26,8,18.0
wt,3,I,27,8,15.0
wt,3,I,28,8,25.0
wt,3,I,29,8,27.0
wt,3,I,30,8,15.0
sa,3,I,31,8,3.5
sa,3,I,32,8,26.0
sa,3,I,33,8,28.0
sa,3,I,34,8,4.5
sa,3,I,35,8,5.0
sa,3,I,36,8,23.0
wt,4,II,37,8,26.0
wt,4,II,38,8,25.0
wt,4,II,39,8,14.0
wt,4,II,40,8,12.0
wt,4,II,41,8,23.0
wt,4,II,42,8,25.0
sa,4,II,43,8,22.0
sa,4,II,44,8,34.0
sa,4,II,45,8,30.0
sa,4,II,46,8,32.0
sa,4,II,47,8,13.0
sa,4,II,48,8,4.0
wt,5,II,49,8,28.0
wt,5,II,50,8,29.0
wt,5,II,51,8,31.0
wt,5,II,52,8,29.0
wt,5,II,53,8,18.0
wt,5,II,54,8,25.0
sa,5,II,55,8,24.0
sa,5,II,56,8,34.0
sa,5,II,57,8,30.0
sa,5,II,58,8,33.0
sa,5,II,59,8,18.0
sa,5,II,60,8,3.0
wt,6,II,61,8,19.0
wt,6,II,62,8,32.0
wt,6,II,63,8,11.0
wt,6,II,64,8,16.0
wt,6,II,65,8,24.0
wt,6,II,66,8,25.0
sa,6,II,67,8,31.0
sa,6,II,68,8,23.0
sa,6,II,69,8,4.0
sa,6,II,70,8,21.0
sa,6,II,71,8,0.5
sa,6,II,72,8,29.0
wt,7,III,73,8,22.0
wt,7,III,74,8,25.0
wt,7,III,75,8,26.0
wt,7,III,76,8,23.0
wt,7,III,77,8,3.0
wt,7,III,78,8,20.0
sa,7,III,79,8,21.0
sa,7,III,80,8,24.0
sa,7,III,81,8,25.0
sa,7,III,82,8,21.5
sa,7,III,83,8,28.0
sa,7,III,84,8,18.0
wt,8,III,85,8,21.0
wt,8,III,86,8,24.0
wt,8,III,87,8,22.0
wt,8,III,88,8,3.0
wt,8,III,89,8,15.0
wt,8,III,90,8,0.0
sa,8,III,91,8,27.0
sa,8,III,92,8,25.0
sa,8,III,93,8,24.0
sa,8,III,94,8,27.0
sa,8,III,95,8,28.0
sa,8,III,96,8,22.0
wt,9,III,97,8,22.0
wt,9,III,98,8,30.0
wt,9,III,99,8,24.0
wt,9,III,100,8,29.0
wt,9,III,101,8,30.0
wt,9,III,102,8,3.0
sa,9,III,103,8,31.0
sa,9,III,104,8,28.0
sa,9,III,105,8,7.0
sa,9,III,106,8,29.0
sa,9,III,107,8,29.0
sa,9,III,108,8,28.0
wt,10,IV,109,8,4.5
wt,10,IV,110,8,15.0
wt,10,IV,111,8,17.0
wt,10,IV,112,8,6.0
wt,10,IV,113,8,3.5
wt,10,IV,114,8,3.5
sa,10,IV,115,8,20.0
sa,10,IV,116,8,28.0
sa,10,IV,117,8,24.0
sa,10,IV,118,8,3.5
sa,10,IV,119,8,16.0
sa,10,IV,120,8,2.0
wt,11,IV,121,8,16.0
wt,11,IV,122,8,3.0
wt,11,IV,123,8,4.0
wt,11,IV,124,8,3.0
wt,11,IV,125,8,4.0
wt,11,IV,126,8,4.5
sa,11,IV,127,8,16.0
sa,11,IV,128,8,25.0
sa,11,IV,129,8,5.0
sa,11,IV,130,8,28.0
sa,11,IV,131,8,30.0
sa,11,IV,132,8,25.0
wt,1,I,1,9,24.0
wt,1,I,2,9,19.0
wt,1,I,3,9,33.0
wt,1,I,4,9,11.0
wt,1,I,5,9,35.0
wt,1,I,6,9,34.0
sa,1,I,7,9,3.5
sa,1,I,8,9,39.0
sa,1,I,9,9,31.0
sa,1,I,10,9,32.0
sa,1,I,11,9,36.0
sa,1,I,12,9,34.0
wt,2,I,13,9,27.0
wt,2,I,14,9,20.0
wt,2,I,15,9,3.0
wt,2,I,16,9,32.0
wt,2,I,17,9,19.0
wt,2,I,18,9,26.0
sa,2,I,19,9,39.0
sa,2,I,20,9,34.0
sa,2,I,21,9,4.5
sa,2,I,22,9,23.0
sa,2,I,23,9,11.0
sa,2,I,24,9,22.0
wt,3,I,25,9,2.0
wt,3,I,26,9,21.0
wt,3,I,27,9,19.0
wt,3,I,28,9,31.0
wt,3,I,29,9,35.0
wt,3,I,30,9,20.0
sa,3,I,31,9,4.0
sa,3,I,32,9,34.0
sa,3,I,33,9,35.0
sa,3,I,34,9,4.5
sa,3,I,35,9,11.0
sa,3,I,36,9,27.0
wt,4,II,37,9,34.0
wt,4,II,38,9,32.0
wt,4,II,39,9,18.0
wt,4,II,40,9,18.0
wt,4,II,41,9,30.0
wt,4,II,42,9,31.5
sa,4,II,43,9,27.0
sa,4,II,44,9,41.0
sa,4,II,45,9,34.0
sa,4,II,46,9,41.0
sa,4,II,47,9,16.0
sa,4,II,48,9,5.0
wt,5,II,49,9,36.0
wt,5,II,50,9,35.0
wt,5,II,51,9,39.0
wt,5,II,52,9,35.0
wt,5,II,53,9,24.0
wt,5,II,54,9,34.0
sa,5,II,55,9,30.0
sa,5,II,56,9,43.0
sa,5,II,57,9,38.0
sa,5,II,58,9,41.0
sa,5,II,59,9,24.0
sa,5,II,60,9,3.0
wt,6,II,61,9,26.0
wt,6,II,62,9,40.0
wt,6,II,63,9,18.0
wt,6,II,64,9,23.0
wt,6,II,65,9,31.0
wt,6,II,66,9,33.0
sa,6,II,67,9,40.0
sa,6,II,68,9,30.0
sa,6,II,69,9,5.0
sa,6,II,70,9,27.0
sa,6,II,71,9,0.5
sa,6,II,72,9,37.0
wt,7,III,73,9,26.0
wt,7,III,74,9,30.0
wt,7,III,75,9,30.0
wt,7,III,76,9,27.0
wt,7,III,77,9,3.0
wt,7,III,78,9,23.0
sa,7,III,79,9,26.0
sa,7,III,80,9,28.0
sa,7,III,81,9,29.0
sa,7,III,82,9,25.0
sa,7,III,83,9,32.0
sa,7,III,84,9,21.0
wt,8,III,85,9,25.0
wt,8,III,86,9,30.0
wt,8,III,87,9,26.0
wt,8,III,88,9,3.0
wt,8,III,89,9,19.0
wt,8,III,90,9,0.0
sa,8,III,91,9,32.0
sa,8,III,92,9,28.0
sa,8,III,93,9,28.0
sa,8,III,94,9,31.0
sa,8,III,95,9,32.0
sa,8,III,96,9,25.0
wt,9,III,97,9,27.0
wt,9,III,98,9,36.0
wt,9,III,99,9,30.0
wt,9,III,100,9,35.0
wt,9,III,101,9,35.0
wt,9,III,102,9,3.0
sa,9,III,103,9,37.0
sa,9,III,104,9,26.0
sa,9,III,105,9,7.0
sa,9,III,106,9,35.0
sa,9,III,107,9,35.0
sa,9,III,108,9,34.0
wt,10,IV,109,9,4.5
wt,10,IV,110,9,18.0
wt,10,IV,111,9,19.0
wt,10,IV,112,9,6.0
wt,10,IV,113,9,3.5
wt,10,IV,114,9,3.5
sa,10,IV,115,9,26.0
sa,10,IV,116,9,39.0
sa,10,IV,117,9,31.0
sa,10,IV,118,9,3.5
sa,10,IV,119,9,18.0
sa,10,IV,120,9,2.0
wt,11,IV,121,9,22.0
wt,11,IV,122,9,3.0
wt,11,IV,123,9,4.0
wt,11,IV,124,9,3.0
wt,11,IV,125,9,4.0
wt,11,IV,126,9,4.5
sa,11,IV,127,9,23.0
sa,11,IV,128,9,34.0
sa,11,IV,129,9,9.0
sa,11,IV,130,9,36.0
sa,11,IV,131,9,39.0
sa,11,IV,132,9,32.0
wt,1,I,1,10,28
wt,1,I,2,10,24
wt,1,I,3,10,41
wt,1,I,4,10,15
wt,1,I,5,10,41
wt,1,I,6,10,40
sa,1,I,7,10,3.5
sa,1,I,8,10,47
sa,1,I,9,10,37
sa,1,I,10,10,38
sa,1,I,11,10,42
sa,1,I,12,10,42
wt,2,I,13,10,35
wt,2,I,14,10,26
wt,2,I,15,10,6
wt,2,I,16,10,40
wt,2,I,17,10,25
wt,2,I,18,10,31
sa,2,I,19,10,48
sa,2,I,20,10,42
sa,2,I,21,10,4.5
sa,2,I,22,10,28
sa,2,I,23,10,19
sa,2,I,24,10,27
wt,3,I,25,10,2
wt,3,I,26,10,25
wt,3,I,27,10,25
wt,3,I,28,10,38
wt,3,I,29,10,43
wt,3,I,30,10,24
sa,3,I,31,10,4
sa,3,I,32,10,41
sa,3,I,33,10,43
sa,3,I,34,10,4.5
sa,3,I,35,10,18
sa,3,I,36,10,34
wt,4,II,37,10,39
wt,4,II,38,10,38
wt,4,II,39,10,21
wt,4,II,40,10,22
wt,4,II,41,10,36
wt,4,II,42,10,37
sa,4,II,43,10,30
sa,4,II,44,10,45
sa,4,II,45,10,33
sa,4,II,46,10,45
sa,4,II,47,10,17
sa,4,II,48,10,5
wt,5,II,49,10,42
wt,5,II,50,10,41
wt,5,II,51,10,45
wt,5,II,52,10,40
wt,5,II,53,10,28
wt,5,II,54,10,40
sa,5,II,55,10,36
sa,5,II,56,10,49
sa,5,II,57,10,43
sa,5,II,58,10,46
sa,5,II,59,10,27
sa,5,II,60,10,3
wt,6,II,61,10,31
wt,6,II,62,10,46
wt,6,II,63,10,24
wt,6,II,64,10,30
wt,6,II,65,10,36
wt,6,II,66,10,40
sa,6,II,67,10,46
sa,6,II,68,10,35
sa,6,II,69,10,10
sa,6,II,70,10,33
sa,6,II,71,10,0.5
sa,6,II,72,10,43
wt,7,III,73,10,32
wt,7,III,74,10,35
wt,7,III,75,10,39
wt,7,III,76,10,35
wt,7,III,77,10,3
wt,7,III,78,10,30
sa,7,III,79,10,32
sa,7,III,80,10,36
sa,7,III,81,10,36
sa,7,III,82,10,31
sa,7,III,83,10,41
sa,7,III,84,10,27
wt,8,III,85,10,30
wt,8,III,86,10,37
wt,8,III,87,10,35
wt,8,III,88,10,9
wt,8,III,89,10,23
wt,8,III,90,10,0
sa,8,III,91,10,40
sa,8,III,92,10,35
sa,8,III,93,10,35
sa,8,III,94,10,37
sa,8,III,95,10,39
sa,8,III,96,10,30
wt,9,III,97,10,32
wt,9,III,98,10,45
wt,9,III,99,10,38
wt,9,III,100,10,46
wt,9,III,101,10,44
wt,9,III,102,10,3
sa,9,III,103,10,47
sa,9,III,104,10,44
sa,9,III,105,10,8
sa,9,III,106,10,43
sa,9,III,107,10,45
sa,9,III,108,10,42
wt,1,I,1,11,32
wt,1,I,2,11,27
wt,1,I,3,11,46
wt,1,I,4,11,19
wt,1,I,5,11,47
wt,1,I,6,11,44
sa,1,I,7,11,3.5
sa,1,I,8,11,52
sa,1,I,9,11,40
sa,1,I,10,11,47
sa,1,I,11,11,48
sa,1,I,12,11,43
wt,2,I,13,11,40
wt,2,I,14,11,28
wt,2,I,15,11,7
wt,2,I,16,11,45
wt,2,I,17,11,30
wt,2,I,18,11,36
sa,2,I,19,11,54
sa,2,I,20,11,48
sa,2,I,21,11,4.5
sa,2,I,22,11,31
sa,2,I,23,11,23
sa,2,I,24,11,31
wt,3,I,25,11,2
wt,3,I,26,11,29
wt,3,I,27,11,30
wt,3,I,28,11,43
wt,3,I,29,11,50
wt,3,I,30,11,28
sa,3,I,31,11,4
sa,3,I,32,11,47
sa,3,I,33,11,47
sa,3,I,34,11,4.5
sa,3,I,35,11,22
sa,3,I,36,11,36
wt,4,II,37,11,45
wt,4,II,38,11,48
wt,4,II,39,11,26
wt,4,II,40,11,29
wt,4,II,41,11,47
wt,4,II,42,11,45
sa,4,II,43,11,32
sa,4,II,44,11,55
sa,4,II,45,11,34
sa,4,II,46,11,53
sa,4,II,47,11,15
sa,4,II,48,11,5
wt,5,II,49,11,53
wt,5,II,50,11,53
wt,5,II,51,11,55
wt,5,II,52,11,49
wt,5,II,53,11,36
wt,5,II,54,11,50
sa,5,II,55,11,42
sa,5,II,56,11,60
sa,5,II,57,11,54
sa,5,II,58,11,58
sa,5,II,59,11,34
sa,5,II,60,11,3
wt,6,II,61,11,40
wt,6,II,62,11,55
wt,6,II,63,11,33
wt,6,II,64,11,38
wt,6,II,65,11,46
wt,6,II,66,11,49
sa,6,II,67,11,57
sa,6,II,68,11,46
sa,6,II,69,11,20
sa,6,II,70,11,42
sa,6,II,71,11,0.5
sa,6,II,72,11,54
wt,7,III,73,11,37
wt,7,III,74,11,41
wt,7,III,75,11,43
wt,7,III,76,11,40
wt,7,III,77,11,3
wt,7,III,78,11,35
sa,7,III,79,11,41
sa,7,III,80,11,44
sa,7,III,81,11,41
sa,7,III,82,11,38
sa,7,III,83,11,48
sa,7,III,84,11,31
wt,8,III,85,11,36
wt,8,III,86,11,42
wt,8,III,87,11,42
wt,8,III,88,11,11
wt,8,III,89,11,24
wt,8,III,90,11,0
sa,8,III,91,11,44
sa,8,III,92,11,40
sa,8,III,93,11,37
sa,8,III,94,11,40
sa,8,III,95,11,44
sa,8,III,96,11,31
wt,9,III,97,11,39
wt,9,III,98,11,54
wt,9,III,99,11,44
wt,9,III,100,11,55
wt,9,III,101,11,54
wt,9,III,102,11,3
sa,9,III,103,11,57
sa,9,III,104,11,54
sa,9,III,105,11,8
sa,9,III,106,11,52
sa,9,III,107,11,54
sa,9,III,108,11,51
wt,1,I,1,12,38
wt,1,I,2,12,34
wt,1,I,3,12,58
wt,1,I,4,12,26
wt,1,I,5,12,54
wt,1,I,6,12,5
sa,1,I,7,12,3.5
sa,1,I,8,12,65
sa,1,I,9,12,51
sa,1,I,10,12,52
sa,1,I,11,12,56
sa,1,I,12,12,51
wt,2,I,13,12,50
wt,2,I,14,12,36
wt,2,I,15,12,19
wt,2,I,16,12,56
wt,2,I,17,12,37
wt,2,I,18,12,43
sa,2,I,19,12,65
sa,2,I,20,12,58
sa,2,I,21,12,4.5
sa,2,I,22,12,40
sa,2,I,23,12,32
sa,2,I,24,12,40
wt,3,I,25,12,2
wt,3,I,26,12,35
wt,3,I,27,12,37
wt,3,I,28,12,49
wt,3,I,29,12,59
wt,3,I,30,12,36
sa,3,I,31,12,4
sa,3,I,32,12,56
sa,3,I,33,12,56
sa,3,I,34,12,4.5
sa,3,I,35,12,28
sa,3,I,36,12,44
wt,4,II,37,12,50
wt,4,II,38,12,56
wt,4,II,39,12,29
wt,4,II,40,12,36
wt,4,II,41,12,54
wt,4,II,42,12,52
sa,4,II,43,12,33
sa,4,II,44,12,62
sa,4,II,45,12,33
sa,4,II,46,12,57
sa,4,II,47,12,18
sa,4,II,48,12,5
wt,5,II,49,12,70
wt,5,II,50,12,59
wt,5,II,51,12,61
wt,5,II,52,12,55
wt,5,II,53,12,43
wt,5,II,54,12,59
sa,5,II,55,12,44
sa,5,II,56,12,69
sa,5,II,57,12,68
sa,5,II,58,12,67
sa,5,II,59,12,39
sa,5,II,60,12,3
wt,6,II,61,12,46
wt,6,II,62,12,59
wt,6,II,63,12,38
wt,6,II,64,12,43
wt,6,II,65,12,50
wt,6,II,66,12,54
sa,6,II,67,12,63
sa,6,II,68,12,54
sa,6,II,69,12,27
sa,6,II,70,12,52
sa,6,II,71,12,0.5
sa,6,II,72,12,59
wt,7,III,73,12,44
wt,7,III,74,12,49
wt,7,III,75,12,49
wt,7,III,76,12,49
wt,7,III,77,12,3
wt,7,III,78,12,42
sa,7,III,79,12,50
sa,7,III,80,12,21
sa,7,III,81,12,50
sa,7,III,82,12,47
sa,7,III,83,12,57
sa,7,III,84,12,36
wt,8,III,85,12,36
wt,8,III,86,12,45
wt,8,III,87,12,47
wt,8,III,88,12,12
wt,8,III,89,12,25
wt,8,III,90,12,0
sa,8,III,91,12,46
sa,8,III,92,12,46
sa,8,III,93,12,41
sa,8,III,94,12,41
sa,8,III,95,12,46
sa,8,III,96,12,32
wt,9,III,97,12,46
wt,9,III,98,12,67
wt,9,III,99,12,50
wt,9,III,100,12,66
wt,9,III,101,12,67
wt,9,III,102,12,3
sa,9,III,103,12,67
sa,9,III,104,12,65
sa,9,III,105,12,10
sa,9,III,106,12,63
sa,9,III,107,12,66
sa,9,III,108,12,62
wt,1,I,1,13,41
wt,1,I,2,13,40
wt,1,I,3,13,66
wt,1,I,4,13,31
wt,1,I,5,13,61
wt,1,I,6,13,51
sa,1,I,7,13,3.5
sa,1,I,8,13,70
sa,1,I,9,13,60
sa,1,I,10,13,63
sa,1,I,11,13,63
sa,1,I,12,13,56
wt,2,I,13,13,53
wt,2,I,14,13,40
wt,2,I,15,13,22
wt,2,I,16,13,63
wt,2,I,17,13,42
wt,2,I,18,13,50
sa,2,I,19,13,70
sa,2,I,20,13,80
sa,2,I,21,13,4.5
sa,2,I,22,13,49
sa,2,I,23,13,43
sa,2,I,24,13,46
wt,3,I,25,13,2
wt,3,I,26,13,40
wt,3,I,27,13,41
wt,3,I,28,13,53
wt,3,I,29,13,69
wt,3,I,30,13,41
sa,3,I,31,13,4
sa,3,I,32,13,64
sa,3,I,33,13,67
sa,3,I,34,13,4.5
sa,3,I,35,13,31
sa,3,I,36,13,49
wt,4,II,37,13,55
wt,4,II,38,13,65
wt,4,II,39,13,35
wt,4,II,40,13,42
wt,4,II,41,13,61
wt,4,II,42,13,62
sa,4,II,43,13,39
sa,4,II,44,13,70
sa,4,II,45,13,35
sa,4,II,46,13,67
sa,4,II,47,13,19
sa,4,II,48,13,5
wt,5,II,49,13,75
wt,5,II,50,13,70
wt,5,II,51,13,73
wt,5,II,52,13,65
wt,5,II,53,13,51
wt,5,II,54,13,70
sa,5,II,55,13,60
sa,5,II,56,13,81
sa,5,II,57,13,73
sa,5,II,58,13,79
sa,5,II,59,13,49
sa,5,II,60,13,3
wt,6,II,61,13,51
wt,6,II,62,13,62
wt,6,II,63,13,47
wt,6,II,64,13,46
wt,6,II,65,13,52
wt,6,II,66,13,57
sa,6,II,67,13,72
sa,6,II,68,13,59
sa,6,II,69,13,35
sa,6,II,70,13,56
sa,6,II,71,13,0.5
sa,6,II,72,13,65
wt,7,III,73,13,50
wt,7,III,74,13,54
wt,7,III,75,13,53
wt,7,III,76,13,55
wt,7,III,77,13,3
wt,7,III,78,13,47
sa,7,III,79,13,55
sa,7,III,80,13,60
sa,7,III,81,13,51
sa,7,III,82,13,52
sa,7,III,83,13,62
sa,7,III,84,13,41
wt,9,III,97,13,50
wt,9,III,98,13,78
wt,9,III,99,13,54
wt,9,III,100,13,76
wt,9,III,101,13,78
wt,9,III,102,13,3
sa,9,III,103,13,77
sa,9,III,104,13,75
sa,9,III,105,13,10
sa,9,III,106,13,73
sa,9,III,107,13,79
sa,9,III,108,13,75
wt,1,I,1,14,45
wt,1,I,2,14,47
wt,1,I,3,14,73
wt,1,I,4,14,36
wt,1,I,5,14,66
wt,1,I,6,14,60
sa,1,I,7,14,3.5
sa,1,I,8,14,85
sa,1,I,9,14,70
sa,1,I,10,14,67
sa,1,I,11,14,73
sa,1,I,12,14,65
wt,2,I,13,14,60
wt,2,I,14,14,46
wt,2,I,15,14,25
wt,2,I,16,14,71
wt,2,I,17,14,47
wt,2,I,18,14,55
sa,2,I,19,14,82
sa,2,I,20,14,86
sa,2,I,21,14,4.5
sa,2,I,22,14,51
sa,2,I,23,14,56
sa,2,I,24,14,53
wt,3,I,25,14,2
wt,3,I,26,14,45
wt,3,I,27,14,51
wt,3,I,28,14,58
wt,3,I,29,14,72
wt,3,I,30,14,48
sa,3,I,31,14,4
sa,3,I,32,14,75
sa,3,I,33,14,76
sa,3,I,34,14,4.5
sa,3,I,35,14,35
sa,3,I,36,14,55
wt,4,II,37,14,57
wt,4,II,38,14,65
wt,4,II,39,14,38
wt,4,II,40,14,45
wt,4,II,41,14,66
wt,4,II,42,14,63
sa,4,II,43,14,45
sa,4,II,44,14,75
sa,4,II,45,14,35
sa,4,II,46,14,70
sa,4,II,47,14,19
sa,4,II,48,14,5
wt,5,II,49,14,80
wt,5,II,50,14,75
wt,5,II,51,14,80
wt,5,II,52,14,67
wt,5,II,53,14,56
wt,5,II,54,14,79
sa,5,II,55,14,65
sa,5,II,56,14,80
sa,5,II,57,14,90
sa,5,II,58,14,88
sa,5,II,59,14,54
sa,5,II,60,14,3
wt,7,III,73,14,50
wt,7,III,74,14,60
wt,7,III,75,14,59
wt,7,III,76,14,62
wt,7,III,77,14,3
wt,7,III,78,14,54
sa,7,III,79,14,60
sa,7,III,80,14,65
sa,7,III,81,14,66
sa,7,III,82,14,56
sa,7,III,83,14,73
sa,7,III,84,14,45
wt,9,III,97,14,61
wt,9,III,98,14,85
wt,9,III,99,14,65
wt,9,III,100,14,87
wt,9,III,101,14,85
wt,9,III,102,14,3
sa,9,III,103,14,85
sa,9,III,104,14,85
sa,9,III,105,14,15
sa,9,III,106,14,86
sa,9,III,107,14,87
sa,9,III,108,14,87
wt,1,I,1,15,50.0
wt,1,I,2,15,50.0
wt,1,I,3,15,79.0
wt,1,I,4,15,42.0
wt,1,I,5,15,71.0
wt,1,I,6,15,60.0
sa,1,I,7,15,3.5
sa,1,I,8,15,90.0
sa,1,I,9,15,75.0
sa,1,I,10,15,75.0
sa,1,I,11,15,76.0
sa,1,I,12,15,65.0
wt,2,I,13,15,60.0
wt,2,I,14,15,48.0
wt,2,I,15,15,30.0
wt,2,I,16,15,80.0
wt,2,I,17,15,47.0
wt,2,I,18,15,70.0
sa,2,I,19,15,75.0
sa,2,I,20,15,90.0
sa,2,I,21,15,4.5
sa,2,I,22,15,60.0
sa,2,I,23,15,60.0
sa,2,I,24,15,56.0
wt,3,I,25,15,2.0
wt,3,I,26,15,47.0
wt,3,I,27,15,55.0
wt,3,I,28,15,59.0
wt,3,I,29,15,81.0
wt,3,I,30,15,50.0
sa,3,I,31,15,4.0
sa,3,I,32,15,79.0
sa,3,I,33,15,82.0
sa,3,I,34,15,4.5
sa,3,I,35,15,40.0
sa,3,I,36,15,60.0
wt,4,II,37,15,65
wt,4,II,38,15,75
wt,4,II,39,15,43
wt,4,II,40,15,54
wt,4,II,41,15,70
wt,4,II,42,15,68
sa,4,II,43,15,55
sa,4,II,44,15,75
sa,4,II,45,15,35
sa,4,II,46,15,70
sa,4,II,47,15,25
sa,4,II,48,15,5
wt,5,II,49,15,90
wt,5,II,50,15,90
wt,5,II,51,15,90
wt,5,II,52,15,70
wt,5,II,53,15,63
wt,5,II,54,15,80
sa,5,II,55,15,70
sa,5,II,56,15,90
sa,5,II,57,15,90
sa,5,II,58,15,95
sa,5,II,59,15,94
sa,5,II,60,15,3
